-- phpMyAdmin SQL Dump
-- version 4.8.5
-- https://www.phpmyadmin.net/
--
-- Host: 127.0.0.1
-- Generation Time: 03-Jul-2020 às 20:58
-- Versão do servidor: 10.1.40-MariaDB
-- versão do PHP: 7.1.29

SET SQL_MODE = "NO_AUTO_VALUE_ON_ZERO";
SET AUTOCOMMIT = 0;
START TRANSACTION;
SET time_zone = "+00:00";


/*!40101 SET @OLD_CHARACTER_SET_CLIENT=@@CHARACTER_SET_CLIENT */;
/*!40101 SET @OLD_CHARACTER_SET_RESULTS=@@CHARACTER_SET_RESULTS */;
/*!40101 SET @OLD_COLLATION_CONNECTION=@@COLLATION_CONNECTION */;
/*!40101 SET NAMES utf8mb4 */;

--
-- Database: `ciskitbio`
--

-- --------------------------------------------------------

--
-- Estrutura da tabela `biometria`
--

CREATE TABLE `biometria` (
  `ID` int(11) NOT NULL,
  `SERIAL_NUMBER` varchar(100) NOT NULL,
  `PATRIMONIO` varchar(100) NOT NULL,
  `FK_ID_USUARIO` int(10) NOT NULL,
  `TIPO_EQPTO` int(1) NOT NULL,
  `DATA_HORA` varchar(30) NOT NULL,
  `STATUS` int(1) NOT NULL,
  `DATA_EXC` varchar(30) NOT NULL,
  `FK_ID_USUARIO_EXC` int(11) NOT NULL,
  `STATUS_EXC` int(11) NOT NULL DEFAULT '0'
) ENGINE=InnoDB DEFAULT CHARSET=latin1;

--
-- Extraindo dados da tabela `biometria`
--

INSERT INTO `biometria` (`ID`, `SERIAL_NUMBER`, `PATRIMONIO`, `FK_ID_USUARIO`, `TIPO_EQPTO`, `DATA_HORA`, `STATUS`, `DATA_EXC`, `FK_ID_USUARIO_EXC`, `STATUS_EXC`) VALUES
(15, '111', '222', 11, 1, '2019-12-13 10:22:48', 2, '2020-06-30 07:58:58', 1, 1),
(16, '123', '1234', 11, 1, '2019-12-13 10:27:04', 2, '2020-06-30 07:59:00', 1, 1),
(17, '333', '444', 11, 1, '2019-12-16 06:59:59', 2, '2020-06-30 07:59:02', 1, 1),
(18, '999', '888', 11, 2, '2019-12-16 07:00:12', 2, '2020-06-30 08:03:22', 1, 1),
(19, '13213213', '555555', 1, 1, '2020-06-30 07:26:53', 2, '2020-06-30 07:59:05', 1, 1),
(20, '123321', '252536', 1, 1, '2020-06-30 07:40:58', 2, '2020-06-30 07:59:07', 1, 1),
(21, '1144', '4411', 1, 1, '2020-06-30 07:43:16', 2, '2020-06-30 07:49:30', 1, 1),
(22, '111', '222', 1, 1, '2020-06-30 07:59:30', 2, '', 0, 0),
(23, '333', '444', 1, 2, '2020-06-30 08:02:39', 2, '2020-06-30 08:03:24', 1, 1),
(24, '111', '112', 1, 2, '2020-06-30 08:03:58', 2, '2020-06-30 08:05:55', 1, 1),
(25, '111', '112', 1, 2, '2020-06-30 08:06:01', 2, '2020-07-02 14:27:41', 11, 1),
(26, '444', '332', 1, 1, '2020-06-30 08:06:30', 2, '', 0, 0),
(27, '12345', '123456789', 1, 1, '2020-07-02 11:54:00', 2, '2020-07-02 11:54:10', 1, 1),
(28, '12345', '123456789', 11, 1, '2020-07-02 13:28:00', 1, '2020-07-02 13:29:19', 11, 1),
(29, '12345', '123456789', 11, 1, '2020-07-02 13:30:38', 1, '2020-07-02 13:35:00', 11, 1),
(30, '12345', '123456789', 11, 1, '2020-07-02 13:35:08', 1, '2020-07-02 14:13:36', 11, 1),
(31, '12345', '123456789', 11, 1, '2020-07-02 14:13:43', 1, '2020-07-02 14:14:29', 11, 1),
(32, '12345', '123456789', 11, 1, '2020-07-02 14:15:14', 2, '2020-07-02 14:26:50', 11, 1),
(33, '12345', '123456789', 11, 2, '2020-07-02 14:27:29', 2, '2020-07-02 14:27:38', 11, 1);

-- --------------------------------------------------------

--
-- Estrutura da tabela `kit_padrao`
--

CREATE TABLE `kit_padrao` (
  `ID_KIT` int(11) NOT NULL,
  `FK_ID_BIO` int(11) NOT NULL,
  `FK_ID_CAM` int(11) NOT NULL,
  `FK_ID_USUARIO` int(11) NOT NULL,
  `HORA_DATA` varchar(30) NOT NULL,
  `STATUS` int(1) NOT NULL,
  `FK_ID_USUARIO_EXC` int(11) NOT NULL,
  `DATA_EXC` varchar(30) NOT NULL,
  `STATUS_EXC` int(1) NOT NULL
) ENGINE=InnoDB DEFAULT CHARSET=latin1;

--
-- Extraindo dados da tabela `kit_padrao`
--

INSERT INTO `kit_padrao` (`ID_KIT`, `FK_ID_BIO`, `FK_ID_CAM`, `FK_ID_USUARIO`, `HORA_DATA`, `STATUS`, `FK_ID_USUARIO_EXC`, `DATA_EXC`, `STATUS_EXC`) VALUES
(6, 15, 16, 11, '2019-12-13 16:23:20', 1, 11, '2019-12-16 07:53:56', 1),
(7, 17, 18, 11, '2019-12-16 07:01:03', 1, 11, '2019-12-16 13:34:55', 1),
(8, 15, 16, 11, '2019-12-16 08:05:15', 1, 11, '2019-12-16 08:05:47', 1),
(9, 15, 16, 11, '2019-12-16 08:06:01', 1, 11, '2019-12-16 13:35:01', 1),
(10, 15, 16, 11, '2019-12-18 09:09:52', 1, 11, '2019-12-18 09:10:05', 1);

-- --------------------------------------------------------

--
-- Estrutura da tabela `usuario`
--

CREATE TABLE `usuario` (
  `ID` int(11) NOT NULL,
  `NOME` varchar(255) NOT NULL,
  `LOGIN` varchar(100) NOT NULL,
  `SENHA` varchar(100) NOT NULL,
  `BIOMETRIA` longblob NOT NULL,
  `STATUS` int(11) NOT NULL
) ENGINE=InnoDB DEFAULT CHARSET=latin1;

--
-- Extraindo dados da tabela `usuario`
--

INSERT INTO `usuario` (`ID`, `NOME`, `LOGIN`, `SENHA`, `BIOMETRIA`, `STATUS`) VALUES
(1, 'CIS ELETRÔNICA DA AMAZÔNIA LTDA', 'cis', 'cis@2019!', 0x9d020303004e1219267777777777777777777777777777777777777777777707060403013b3937363434777777777777080807050301003a3735333231777777770d0b09080704013b39373532302f777777770e0d0c0a0705023b38373532302e2e77770f0f0e0d0a0705033b383635322f2d2c777711100f0d0b0906033b393634312e2c2a77771111100e0c0a070300393532302d2b2a7777131312100e0c0804003733302e2c2a29777715151312120f0b060036312e2c2a292877771716151515140f0a03362f2c292728267777181817171817130e07372d29262526257777191919191a1917130c342a26232324247777191a1a1a1b1b1b191b28262221222223777719191a1b1c1d1d1e2024242221212122777719191b1c1d1e1f212326272320202122777719191b1d1e202223262a2a252020212277771a1a1b1d1f212325272b2d272120212277771b1b1c1e21212326292d2e2a262322227777771b1d20222325282c2e2f2e2c2926247777771e20222526282b2d2f3131302d2b7777777777232527292b2d2e31333433312f777777777728292b2c2e2f303234353636777777777777772e2f3132333434353637777777777777777777777777777777777777777777773258516f275c505e1e5464327036677a67506c2882217a28795728274b3f6765615f1b724d3f00000000000000000000000000000000000000000000000000000000000000001c4d5865676e747a7f808384999a9b9da91a23363944485667686c738588888d94979ca9bbbd00000000000000000000000000000000000000000000000000000000000000000b0d0b05061005110610110510110f100e010e160f08100705031206040511100f02060e0e0e0000000000000000000000000000000000000000000000000000000000000000, 1),
(10, 'EDIENE SOUSA DA SILVA', 'edienes.cis', 'dsadasdas', 0x9d020303004f12191c7777777777777777777777777777777777777777777777030302003836363432317777777777777704030302003937363432303077777777770605030302003a37363432302f77777777070706040302013a38363331302f2f7777770b0907050402013a37353331302e2d7777770c0a07050201003a363432302f2d2c77770d0d0c0a07040200393632302f2f2d2c7777110f0f0d0b0905013834312e2d2e2d2b777713121111100d080338322e2c2a2a2a2977771312131313110c0538302b292726262677771314151514131009392d292725242524777717171717161514122d292726242424247777181919191918181b23252525242423237777191a1b1b1b1b1b1e222324242423232377771a1b1c1c1c1d1d1f212324242423232377771a1c1d1d1e1e1f21232324242423232277771b1c1e2020202223242424242424242377771d1e1f2121222424252525252525242377772121212323242525262728272625247777772525252525262728292b2b2a2926257777772929282828292a2b2c2d2d2c2b2877777777772c2c2d2c2c2d2d2f2f2f2f2e2d77777777772d2e2f2e2f2f303031323230777777777777777777777777777777777777777777774254323e234f4d3f6d47496b222c79335876110d42103b3e62291d5f0000000000000000000000000000000000000000000000000000000000000000000000000000000000000b262738474a575d5e5e676e8f9c38494b4d545b797f9ba1a2aeb0b20000000000000000000000000000000000000000000000000000000000000000000000000000000000000c010b0b080d0c16110a001005110f09030414080606051110100f0f000000000000000000000000000000000000000000000000000000000000000000000000000000000000, 2),
(11, 'EDILO SOUSA DA SILVA', 'edilos.cis', 'edilo1988', 0x9d020303004c12191b777777777777777777777777777777777777777777770402013b3938353534323277777777777706050302013b3836363432327777777777770605030302003937353432312e77777777060605030202003a38353332312f2f77770a060606030202003a38363432302f2f77770c0a0907040302003a37353332302f2e77770f0d0a08050402003a373432312f2e2c77770f0e0b0a070402003a3633312f2f2c2c777710100e0c0a0704003835322f2d2d2c2b7777121111100e0c07023833302c2a2a2929777713121313120f0b0438302d2a2827272777771314141514120e08392f2a2826242524777716161617151513102d2b282624242423777718181818181817192126252524232323777719191a1a1a1a1b1e222424242423232277771a1b1b1b1b1c1d1f222323232323222277771a1c1c1d1d1e1f20222323242322222277771b1c1e1f1f1f2122232424242423227777771c1d1f212121232424242424242423777777202121222223242525262625252424777777772323232425252628292a2827257777777777252526262729292b2c2d2b2a7777777777777777282a2b2b2c2e2d2b2a777777777777777777777777777777777777777777777743553e7a244f4d6d47496b213d2b33321a335976110c420f3e612800000000000000000000000000000000000000000000000000000000000000000000000000000000000000163042455054616769707998a1a6112f2f5355575f657e89acacb9000000000000000000000000000000000000000000000000000000000000000000000000000000000000000c010b0f090d0c110906110505110c0b0b0903041408060711101000000000000000000000000000000000000000000000000000000000000000000000000000000000000000, 1),
(12, 'FRANCISCO LIMA DA SILVA', 'franciscol.cis', 'cis@2019!', 0x9d020303004312191a7777777777777777777777777777777777777777777777770302003b38377777777777777777777707060402003a38373777777777777777770807060503003b393836357777777777770c0908060503013b393836343477777777770e0b09070604013a383635343377777777100e0c0a080603003a37343333312e777777110f0d0c0a06030039363433312f2e777777120f0e0d0b09040039363331302f2b777777121110100d0a06013935312f2e2e2c2e7777131313130f0c07023935312e2c2b2c33777714151615120e090338332f2c2a2a2a2c77771617181715120c0438312c2a2828282977771818191918140f07332d292726262727777719191a1a1917161c2a2725252424252677771b1b1a1a1c1d1e1f252122222222242477771b1b1a1c1e202122231f1f1f2021217777771c1c1c1d1f212224251d1c1d1e1f1f7777771d1d1e1e202225283011191b1c1d1d777777772020202123262b340916191b1c77777777772122222325272d340411171a1c1c777777777723242527292f35020f15191b777777777777242626282b3137030c121519777777777777772727292c323904090d1177777777777777777777777777777777777777777777405738491f302f771f2c474c3555404d593d515e107150705a350000000000000000000000000000000000000000000000000000000000000000000000000000000000000000172032484c545d6f71757a7a7e7f8a9193a1112a404b7693b0b40000000000000000000000000000000000000000000000000000000000000000000000000000000000000000000c170c08160805131302040511101007040c01150305060a040000000000000000000000000000000000000000000000000000000000000000000000000000000000000000, 2),
(13, 'MARCELO RAMOS DE SOUZA', 'marcelor.cis', 'cis@2019!', 0x9d02030300591219267777777777777777777777777777777777777777060402003938383736353433327777777777060402003a39383735343433323277777708050201003b3a383635343433323277777708070401003b3a38363434343332313077770a090703013b3a38363433333231302f77770c0b0805023b3a39373534333130303077770c0a080603003b393735343331302f2f77770d0b090603013b393735343231302f2e77770f0e0b070402003a37343331302f2e2d7777100f0d0a0604023b3834312f2e2d2c2d777711100e0c0907033b3734312e2d2c2b2b77771312100e0d0a050037332f2d2b2b2a2c777714131312100d090237322e2b29292a2b77771615151614120f0637312e2b2827272877771818171717161309382f2d2b2826262877771a191919181817142f2c2a292725252677771b1b1b1a1a1a1b1e252929292a26232377771d1d1d1d1c1d1f2326292a2b2f2b232277771e1e1f1f1f202225292b2b2e3233282377771f20202021222325292a2b2f3539322c77772020212122232526282a2c2f353b3b3a77772221222324252627282a2d2f343b0304777777232425262627282a2c2e3135390405777777777777777777777777777777777777774c204e20610a6044514b3a6f834e263d155d288177164c257b2f1542354473784f4f847e6d7f00000000000000000000000000000000000000000000000000000000000000004e55656a6e7576787986888c93a9131423242c303e464951555a6466708491959ba0a2a5aeae00000000000000000000000000000000000000000000000000000000000000000d1601070f130f000d0306100504000d0b020c0f0e09010a030b080b080610110f03110e000c0000000000000000000000000000000000000000000000000000000000000000, 2),
(14, 'Teste', 'dadas', 'dasdasda', 0x9d020303004712191c7777777777777777777777777777777777777777777777770201003b393736777777777777777777070402013b3a38363534337777777777770a08040201003a383634333231777777770b0a07040302003a383634333130777777770a0907050402003a38363432312f2e77770c0b09070605023b3938353331302f2e77770d0c0b090806030039363433302e2e2e77770e0e0d0b0906030139363533302d2d2e77770e0e0d0b09060300393734322f2d2b2a77770e0e0c0a09070300393633312e2c2a28777711100e0c0b080400393632302d2b2a2877771211100f0d0a05013834302f2c2a2927777713121111110d080238322e2c2a28272677771514141415110b0539312c292727272677771616161616140f093b2f2926242525257777171717181817130d342c2623222323237777171818191a1a191f272722202122222377771819191a1b1c1d1e2323201f202021777777191a1a1b1c1e20212426221f1f1f20777777771b1c1d1e2022252829231e1d1e77777777771f1e1e202124272a2a241d1d777777777777771f20202226282a2a231e777777777777777777202125282a2b2b2477777777777777777777777777777777777777777777777729726c2278534e6d516a574958285e3b2f507f1e232150344b435f5d0000000000000000000000000000000000000000000000000000000000000000000000000000000000001c33444f676c787c7f858f939b9fa41b3436595d708486a2a2a3a9ae00000000000000000000000000000000000000000000000000000000000000000000000000000000000017020e160f0e0c050c0511051106110b0b0110090807030511051211000000000000000000000000000000000000000000000000000000000000000000000000000000000000, 2),
(15, 'TESTE2', 'teste.cis', 'dasdasda', 0x9d020303004f121922777777777777777777777777777777777777777777770605030101013b37353433327777777777060504030202013b3735343230777777770b060404030201003a38363432302f7777770b090605030202003a38363432302e77770c0c0b0906040302003a37353332302e77770d0d0c0a08050301003a373432312f2d77770f0e0d0b0a07040200393633312f2f2c77771010100e0d0b0804013835322f2d2c2b777712121110100f0c080238322f2c2a292977771211111212110f0b0438302c292826267777131314141413110e07392f292726232377771416161616151412102d2a27252321227777151717181818171719222524242221217777161819191a19191a1d22232222222120777716181a1b1b1b1c1d1f21212121212020777716181a1c1d1d1d1e1f21212121201f1f7777181a1c1d1e1e1f202121212121201f7777771c1d1d1f201f2022222221222121207777772020202021212123232323232222227777772424232222232424252627252322777777772a2927262526272728292a272577777777772d2c2b2a2a2a292a2a2b2a29777777777777772e2c2c2c2c2b2c2c2d2c2b777777777777777777777777777777777777777777777751286149852e847f5956724f725c2608402f3d3d651a15101259491541635b2a111d0000000000000000000000000000000000000000000000000000000000000000000000000c2428393f44474a4b585a6073778c92969c2549505158595f71757da2a6acadadaf0000000000000000000000000000000000000000000000000000000000000000000000000c0b010c0f0904040d0d040a1111060605110c0a0315091508050607111010111010000000000000000000000000000000000000000000000000000000000000000000000000, 2);

--
-- Indexes for dumped tables
--

--
-- Indexes for table `biometria`
--
ALTER TABLE `biometria`
  ADD PRIMARY KEY (`ID`);

--
-- Indexes for table `kit_padrao`
--
ALTER TABLE `kit_padrao`
  ADD PRIMARY KEY (`ID_KIT`);

--
-- Indexes for table `usuario`
--
ALTER TABLE `usuario`
  ADD PRIMARY KEY (`ID`);

--
-- AUTO_INCREMENT for dumped tables
--

--
-- AUTO_INCREMENT for table `biometria`
--
ALTER TABLE `biometria`
  MODIFY `ID` int(11) NOT NULL AUTO_INCREMENT, AUTO_INCREMENT=34;

--
-- AUTO_INCREMENT for table `kit_padrao`
--
ALTER TABLE `kit_padrao`
  MODIFY `ID_KIT` int(11) NOT NULL AUTO_INCREMENT, AUTO_INCREMENT=11;

--
-- AUTO_INCREMENT for table `usuario`
--
ALTER TABLE `usuario`
  MODIFY `ID` int(11) NOT NULL AUTO_INCREMENT, AUTO_INCREMENT=16;
COMMIT;

/*!40101 SET CHARACTER_SET_CLIENT=@OLD_CHARACTER_SET_CLIENT */;
/*!40101 SET CHARACTER_SET_RESULTS=@OLD_CHARACTER_SET_RESULTS */;
/*!40101 SET COLLATION_CONNECTION=@OLD_COLLATION_CONNECTION */;
